table,possible_redundant_index,covered_by,prefix_columns,covering_columns
account_security_events,ix_account_security_events_user_id,idx_security_events_user_created,user_id,"user_id,event_type,created_at"
accounting_periods,ix_accounting_periods_amo,uq_accounting_period,amo_id,"amo_id,period"
aircraft,ix_aircraft_status,ix_aircraft_status_active,status,"status,is_active"
aircraft_components,ix_aircraft_components_aircraft_serial_number,ix_aircraft_components_aircraft_position,aircraft_serial_number,"aircraft_serial_number,""position"""
aircraft_components,ix_aircraft_components_part_number,ix_aircraft_components_pn_sn,part_number,"part_number,serial_number"
aircraft_documents,ix_aircraft_documents_aircraft_serial_number,ix_aircraft_documents_aircraft_due,aircraft_serial_number,"aircraft_serial_number,expires_on"
aircraft_documents,ix_aircraft_documents_status,ix_aircraft_documents_status_due,status,"status,expires_on"
aircraft_import_templates,ix_aircraft_import_template_type,uq_aircraft_import_template_type_name,template_type,"template_type,name"
aircraft_program_items,ix_aircraft_program_items_aircraft_serial_number,ix_aircraft_program_items_aircraft_status,aircraft_serial_number,"aircraft_serial_number,status"
aircraft_usage,ix_aircraft_usage_aircraft_date,uq_aircraft_usage_aircraft_date_techlog,"aircraft_serial_number,date","aircraft_serial_number,date,techlog_no"
aircraft_usage,ix_aircraft_usage_aircraft_serial_number,ix_aircraft_usage_aircraft_date,aircraft_serial_number,"aircraft_serial_number,date"
aircraft_utilization_daily,ix_aircraft_utilization_daily_aircraft_serial_number,uq_aircraft_utilization_date,aircraft_serial_number,"aircraft_serial_number,date"
aircraft_utilization_daily,ix_aircraft_utilization_daily_amo_id,ix_aircraft_utilization_amo_date,amo_id,"amo_id,date"
amos,pk_amos,ix_amos_id_time_zone,id,"id,time_zone"
amp_program_items,ix_amp_program_items_template_code,ix_amp_program_items_template_ata,template_code,"template_code,ata_chapter"
audit_events,ix_audit_events_amo_time,ix_audit_events_amo_time_id_desc,"amo_id,occurred_at","amo_id,occurred_at,id"
audit_events,ix_audit_events_amo_time_desc,ix_audit_events_amo_time_id_desc,"amo_id,occurred_at","amo_id,occurred_at,id"
authorisation_types,ix_authorisation_types_amo_id,uq_auth_types_amo_code,amo_id,"amo_id,code"
base_station_aliases,ix_base_station_aliases_amo_id,uq_base_station_aliases_amo_alias,amo_id,"amo_id,alias"
base_stations,ix_base_stations_amo_id,ix_base_stations_amo_active,amo_id,"amo_id,is_active"
billing_invoices,ix_billing_invoices_amo_id,uq_invoice_idempotency,amo_id,"amo_id,idempotency_key"
component_instances,ix_component_instances_amo_id,uq_component_instance_amo_pn_sn,amo_id,"amo_id,part_number,serial_number"
crs,ix_crs_aircraft_serial_number,ix_crs_aircraft_issue_date,aircraft_serial_number,"aircraft_serial_number,crs_issue_date"
crs_signoff,ix_crs_signoff_crs,uq_crs_signoff_crs_category,crs_id,"crs_id,category"
crs_signoff,ix_crs_signoff_crs_id,uq_crs_signoff_crs_category,crs_id,"crs_id,category"
customers,ix_customers_amo,uq_customer_code,amo_id,"amo_id,code"
departments,ix_departments_amo_id,uq_departments_amo_code,amo_id,"amo_id,code"
doc_control_documents,ix_doc_control_documents_tenant_id,uq_doc_control_documents_tenant_doc_id,tenant_id,"tenant_id,doc_id"
ehm_parsed_records,ix_ehm_parsed_records_amo_id,ix_ehm_records_amo_time,amo_id,"amo_id,unit_time"
ehm_parsed_records,ix_ehm_parsed_records_record_type,ix_ehm_records_type_time,record_type,"record_type,unit_time"
ehm_raw_logs,ix_ehm_raw_logs_amo_id,ix_ehm_logs_amo_aircraft,amo_id,"amo_id,aircraft_serial_number"
engine_flight_snapshots,ix_engine_flight_snapshots_aircraft_serial_number,ix_engine_snapshots_aircraft_date,aircraft_serial_number,"aircraft_serial_number,flight_date"
engine_trend_statuses,ix_engine_trend_statuses_amo_id,uq_engine_trend_status_engine,amo_id,"amo_id,aircraft_serial_number,engine_position,engine_serial_number"
engine_utilization_daily,ix_engine_utilization_daily_aircraft_serial_number,uq_engine_utilization_date,aircraft_serial_number,"aircraft_serial_number,engine_position,date"
engine_utilization_daily,ix_engine_utilization_daily_amo_id,ix_engine_utilization_amo_date,amo_id,"amo_id,date"
finance_credit_notes,ix_credit_notes_amo,uq_credit_note_idempotency,amo_id,"amo_id,idempotency_key"
finance_invoices,ix_finance_invoices_amo,uq_finance_invoice_idempotency,amo_id,"amo_id,idempotency_key"
finance_payments,ix_payments_amo,uq_payment_idempotency,amo_id,"amo_id,idempotency_key"
fracas_actions,ix_fracas_actions_fracas_case_id,ix_fracas_actions_case_status,fracas_case_id,"fracas_case_id,status"
gl_accounts,ix_gl_accounts_amo,uq_gl_account_code,amo_id,"amo_id,code"
idempotency_keys,ix_idempotency_keys_scope,uq_idempotency_scope_key,scope,"scope,key"
integration_configs,ix_integration_configs_amo_id,ix_integration_configs_amo_key,amo_id,"amo_id,integration_key"
integration_inbound_events,ix_integration_inbound_events_amo_id,ix_integration_inbound_amo_integration_received,amo_id,"amo_id,integration_id,received_at"
integration_outbound_events,ix_integration_outbound_events_amo_id,ix_integration_outbound_amo_integration,amo_id,"amo_id,integration_id"
inventory_locations,ix_inventory_locations_amo,uq_inventory_location_code,amo_id,"amo_id,code"
ledger_entries,ix_ledger_entries_amo_id,idx_ledger_entries_amo_recorded,amo_id,"amo_id,recorded_at"
license_entitlements,ix_license_entitlements_license_id,uq_license_entitlement_unique,license_id,"license_id,key"
maintenance_program_items_legacy,ix_maintenance_program_items_aircraft_template,ix_mpi_template_ata,aircraft_template,"aircraft_template,ata_chapter"
maintenance_program_items_legacy,ix_mpi_template_ata,uq_maintenance_program_item_template_ata_task,"aircraft_template,ata_chapter","aircraft_template,ata_chapter,task_code"
maintenance_statuses_legacy,ix_maintenance_statuses_aircraft_serial_number,ix_maintenance_status_aircraft_due_date,aircraft_serial_number,"aircraft_serial_number,next_due_date"
manual_reader_progress,ix_manual_reader_progress_revision_id,uq_manual_reader_progress_revision_user,revision_id,"revision_id,user_id"
module_subscriptions,ix_module_subscriptions_amo,uq_module_subscription,amo_id,"amo_id,module_code"
oil_consumption_rates,ix_oil_consumption_rates_aircraft_serial_number,ix_oil_rates_aircraft_window,aircraft_serial_number,"aircraft_serial_number,window_start,window_end"
oil_uplifts,ix_oil_uplifts_aircraft_serial_number,ix_oil_uplifts_aircraft_date,aircraft_serial_number,"aircraft_serial_number,uplift_date"
part_movement_ledger,ix_part_movement_ledger_aircraft_serial_number,ix_part_movement_aircraft_date,aircraft_serial_number,"aircraft_serial_number,event_date"
part_movement_ledger,ix_part_movement_ledger_component_id,ix_part_movement_component,component_id,"component_id,event_date"
password_reset_tokens,ix_password_reset_tokens_user_id,idx_reset_tokens_user_expires,user_id,"user_id,expires_at"
payment_methods,ix_payment_methods_amo_id,uq_payment_method_external_ref,amo_id,"amo_id,provider,external_ref"
personnel_profiles,ix_personnel_profiles_amo_id,ix_personnel_profiles_amo_status,amo_id,"amo_id,status"
platform_route_metrics_1m,ix_platform_route_metrics_bucket,uq_platform_route_metric_bucket,bucket_start,"bucket_start,method,route,tenant_id,is_platform_route"
purchase_orders,ix_purchase_orders_amo,uq_purchase_order_number,amo_id,"amo_id,po_number"
qms_activity_logs,ix_qms_activity_logs_amo_id,ix_qms_activity_logs_action,amo_id,"amo_id,action"
qms_approval_matrix,ix_qms_approval_matrix_amo_id,ix_qms_approval_matrix_amo_due,amo_id,"amo_id,due_date"
qms_archive_package_items,ix_qms_archive_package_items_amo_id,ix_qms_archive_package_items_amo_due,amo_id,"amo_id,due_date"
qms_archive_packages,ix_qms_archive_packages_amo_id,ix_qms_archive_packages_amo_due,amo_id,"amo_id,due_date"
qms_audit_archives,ix_qms_audit_archives_amo_id,ix_qms_audit_archives_amo_due,amo_id,"amo_id,due_date"
qms_audit_checklist_items,ix_qms_audit_checklist_items_amo_id,ix_qms_audit_checklist_items_amo_due,amo_id,"amo_id,due_date"
qms_audit_checklists,ix_qms_audit_checklists_amo_id,ix_qms_audit_checklists_amo_due,amo_id,"amo_id,due_date"
qms_audit_evidence,ix_qms_audit_evidence_amo_id,ix_qms_audit_evidence_amo_due,amo_id,"amo_id,due_date"
qms_audit_findings,ix_qms_audit_findings_amo_id,ix_qms_audit_findings_amo_open_fast,amo_id,"amo_id,closed_at) WHERE (closed_at IS NULL"
qms_audit_findings,ix_qms_audit_findings_audit_id,ix_qms_findings_audit_created,audit_id,"audit_id,created_at"
qms_audit_findings,ix_qms_findings_amo_closed,ix_qms_findings_amo_closed_id,"amo_id,closed_at","amo_id,closed_at,id"
qms_audit_notices,ix_qms_audit_notices_amo_id,ix_qms_audit_notices_amo_due,amo_id,"amo_id,due_date"
qms_audit_post_briefs,ix_qms_audit_post_briefs_amo_id,ix_qms_audit_post_briefs_amo_due,amo_id,"amo_id,due_date"
qms_audit_programs,ix_qms_audit_programs_amo_id,ix_qms_audit_programs_amo_due,amo_id,"amo_id,due_date"
qms_audit_reference_counters,ix_qms_audit_reference_counters_amo_id,ix_qms_audit_ref_counter_scope,amo_id,"amo_id,reference_family,unit_code,ref_year"
qms_audit_reports,ix_qms_audit_reports_amo_id,ix_qms_audit_reports_amo_due,amo_id,"amo_id,due_date"
qms_audit_scopes,ix_qms_audit_scopes_amo_id,ix_qms_audit_scopes_amo_due,amo_id,"amo_id,due_date"
qms_audit_team_members,ix_qms_audit_team_members_amo_id,ix_qms_audit_team_members_amo_due,amo_id,"amo_id,due_date"
qms_audit_war_room_files,ix_qms_audit_war_room_files_amo_id,ix_qms_audit_war_room_files_amo_due,amo_id,"amo_id,due_date"
qms_audits,ix_qms_audits_amo_id,ix_qms_audits_amo_created_desc_nullslast,amo_id,"amo_id,created_at,id"
qms_audits,ix_qms_audits_amo_status,ix_qms_audits_amo_status_created,"amo_id,status","amo_id,status,created_at"
qms_audits,ix_qms_audits_amo_status_v2,ix_qms_audits_amo_status_created,"amo_id,status","amo_id,status,created_at"
qms_audits,ix_qms_audits_domain,ix_qms_audits_domain_kind,domain,"domain,kind"
qms_authority_correspondence,ix_qms_authority_correspondence_amo_id,ix_qms_authority_correspondence_amo_due,amo_id,"amo_id,due_date"
qms_calendar_settings,pk_qms_calendar_settings,ix_qms_calendar_settings_amo_enabled,amo_id,"amo_id,holidays_enabled"
qms_calibration_certificates,ix_qms_calibration_certificates_amo_id,ix_qms_calibration_certificates_amo_due,amo_id,"amo_id,due_date"
qms_calibration_records,ix_qms_calibration_records_amo_id,ix_qms_calibration_records_amo_due,amo_id,"amo_id,due_date"
qms_car_action_items,ix_qms_car_action_items_amo_id,ix_qms_car_action_items_amo_due,amo_id,"amo_id,due_date"
qms_car_closure_records,ix_qms_car_closure_records_amo_id,ix_qms_car_closure_records_amo_due,amo_id,"amo_id,due_date"
qms_car_containment_actions,ix_qms_car_containment_actions_amo_id,ix_qms_car_containment_actions_amo_due,amo_id,"amo_id,due_date"
qms_car_corrective_action_plans,ix_qms_car_corrective_action_plans_amo_id,ix_qms_car_corrective_action_plans_amo_due,amo_id,"amo_id,due_date"
qms_car_effectiveness_reviews,ix_qms_car_effectiveness_reviews_amo_id,ix_qms_car_effectiveness_reviews_amo_due,amo_id,"amo_id,due_date"
qms_car_evidence,ix_qms_car_evidence_amo_id,ix_qms_car_evidence_amo_due,amo_id,"amo_id,due_date"
qms_car_rejections,ix_qms_car_rejections_amo_id,ix_qms_car_rejections_amo_due,amo_id,"amo_id,due_date"
qms_car_reviews,ix_qms_car_reviews_amo_id,ix_qms_car_reviews_amo_due,amo_id,"amo_id,due_date"
qms_car_root_causes,ix_qms_car_root_causes_amo_id,ix_qms_car_root_causes_amo_due,amo_id,"amo_id,due_date"
qms_change_controls,ix_qms_change_controls_amo_id,ix_qms_change_controls_amo_due,amo_id,"amo_id,due_date"
qms_competence_gaps,ix_qms_competence_gaps_amo_id,ix_qms_competence_gaps_amo_due,amo_id,"amo_id,due_date"
qms_competence_matrix,ix_qms_competence_matrix_amo_id,ix_qms_competence_matrix_amo_due,amo_id,"amo_id,due_date"
qms_context_items,ix_qms_context_items_amo_id,ix_qms_context_items_amo_due,amo_id,"amo_id,due_date"
qms_corrective_actions_legacy,ix_qms_corrective_actions_status,ix_qms_caps_status_due,status,"status,due_date"
qms_customer_complaints,ix_qms_customer_complaints_amo_id,ix_qms_customer_complaints_amo_due,amo_id,"amo_id,due_date"
qms_customer_feedback,ix_qms_customer_feedback_amo_id,ix_qms_customer_feedback_amo_due,amo_id,"amo_id,due_date"
qms_dashboard_widgets,ix_qms_dashboard_widgets_amo_id,ix_qms_dashboard_widgets_amo_due,amo_id,"amo_id,due_date"
qms_document_acknowledgements,ix_qms_document_acknowledgements_amo_id,ix_qms_document_acknowledgements_amo_due,amo_id,"amo_id,due_date"
qms_document_approval_letters,ix_qms_document_approval_letters_amo_id,ix_qms_document_approval_letters_amo_due,amo_id,"amo_id,due_date"
qms_document_approvals,ix_qms_document_approvals_amo_id,ix_qms_document_approvals_amo_due,amo_id,"amo_id,due_date"
qms_document_change_requests,ix_qms_document_change_requests_amo_id,ix_qms_document_change_requests_amo_due,amo_id,"amo_id,due_date"
qms_document_distribution,ix_qms_document_distribution_amo_id,ix_qms_document_distribution_amo_due,amo_id,"amo_id,due_date"
qms_document_distributions,ix_qms_document_distributions_document_id,ix_qms_doc_dist_ack,document_id,"document_id,requires_ack,acked_at"
qms_document_obsolete_records,ix_qms_document_obsolete_records_amo_id,ix_qms_document_obsolete_records_amo_due,amo_id,"amo_id,due_date"
qms_document_revisions,ix_qms_document_revisions_document_id,ix_qms_doc_revisions_doc_created,document_id,"document_id,created_at"
qms_document_sections,ix_qms_document_sections_amo_id,ix_qms_document_sections_amo_due,amo_id,"amo_id,due_date"
qms_document_templates,ix_qms_document_templates_amo_id,ix_qms_document_templates_amo_due,amo_id,"amo_id,due_date"
qms_document_versions,ix_qms_document_versions_amo_id,ix_qms_document_versions_amo_due,amo_id,"amo_id,due_date"
qms_documents,ix_qms_documents_amo_id,ix_qms_documents_amo_status,amo_id,"amo_id,status"
qms_documents,ix_qms_documents_amo_status,ix_qms_documents_amo_status_id,"amo_id,status","amo_id,status,id"
qms_documents,ix_qms_documents_doc_type,ix_qms_documents_type_status,doc_type,"doc_type,status"
qms_documents,ix_qms_documents_domain,ix_qms_documents_domain_status,domain,"domain,status"
qms_equipment,ix_qms_equipment_amo_id,ix_qms_equipment_amo_due,amo_id,"amo_id,due_date"
qms_equipment_status_history,ix_qms_equipment_status_history_amo_id,ix_qms_equipment_status_history_amo_due,amo_id,"amo_id,due_date"
qms_evidence_files,ix_qms_evidence_files_amo_id,ix_qms_evidence_files_amo_due,amo_id,"amo_id,due_date"
qms_external_audits,ix_qms_external_audits_amo_id,ix_qms_external_audits_amo_due,amo_id,"amo_id,due_date"
qms_external_commitments,ix_qms_external_commitments_amo_id,ix_qms_external_commitments_amo_due,amo_id,"amo_id,due_date"
qms_external_items,ix_qms_external_items_amo_id,ix_qms_external_items_amo_due,amo_id,"amo_id,due_date"
qms_external_responses,ix_qms_external_responses_amo_id,ix_qms_external_responses_amo_due,amo_id,"amo_id,due_date"
qms_file_access_logs,ix_qms_file_access_logs_amo_id,ix_qms_file_access_logs_actor,amo_id,"amo_id,actor_user_id"
qms_file_hashes,ix_qms_file_hashes_amo_id,ix_qms_file_hashes_amo_due,amo_id,"amo_id,due_date"
qms_finding_classifications,ix_qms_finding_classifications_amo_id,ix_qms_finding_classifications_amo_due,amo_id,"amo_id,due_date"
qms_finding_evidence,ix_qms_finding_evidence_amo_id,ix_qms_finding_evidence_amo_due,amo_id,"amo_id,due_date"
qms_finding_links,ix_qms_finding_links_amo_id,ix_qms_finding_links_amo_due,amo_id,"amo_id,due_date"
qms_finding_sources,ix_qms_finding_sources_amo_id,ix_qms_finding_sources_amo_due,amo_id,"amo_id,due_date"
qms_findings,ix_qms_findings_amo_id,ix_qms_findings_amo_due,amo_id,"amo_id,due_date"
qms_form_definitions,ix_qms_form_definitions_amo_id,ix_qms_form_definitions_amo_due,amo_id,"amo_id,due_date"
qms_interested_parties,ix_qms_interested_parties_amo_id,ix_qms_interested_parties_amo_due,amo_id,"amo_id,due_date"
qms_management_review_actions,ix_qms_management_review_actions_amo_id,ix_qms_management_review_actions_amo_due,amo_id,"amo_id,due_date"
qms_management_review_approvals,ix_qms_management_review_approvals_amo_id,ix_qms_management_review_approvals_amo_due,amo_id,"amo_id,due_date"
qms_management_review_decisions,ix_qms_management_review_decisions_amo_id,ix_qms_management_review_decisions_amo_due,amo_id,"amo_id,due_date"
qms_management_review_inputs,ix_qms_management_review_inputs_amo_id,ix_qms_management_review_inputs_amo_due,amo_id,"amo_id,due_date"
qms_management_review_minutes,ix_qms_management_review_minutes_amo_id,ix_qms_management_review_minutes_amo_due,amo_id,"amo_id,due_date"
qms_management_reviews,ix_qms_management_reviews_amo_id,ix_qms_management_reviews_amo_due,amo_id,"amo_id,due_date"
qms_manual_change_requests,ix_qms_manual_change_requests_domain,ix_qms_cr_domain_status,domain,"domain,status"
qms_metric_definitions,ix_qms_metric_definitions_amo_id,ix_qms_metric_definitions_amo_due,amo_id,"amo_id,due_date"
qms_notification_rules,ix_qms_notification_rules_amo_id,ix_qms_notification_rules_amo_due,amo_id,"amo_id,due_date"
qms_notifications,ix_qms_notifications_amo_id,ix_qms_notifications_amo_due,amo_id,"amo_id,due_date"
qms_notifications,ix_qms_notifications_user_id,ix_qms_notifications_user_created,user_id,"user_id,created_at"
qms_numbering_rules,ix_qms_numbering_rules_amo_id,ix_qms_numbering_rules_amo_due,amo_id,"amo_id,due_date"
qms_opportunities,ix_qms_opportunities_amo_id,ix_qms_opportunities_amo_due,amo_id,"amo_id,due_date"
qms_out_of_tolerance_events,ix_qms_out_of_tolerance_events_amo_id,ix_qms_out_of_tolerance_events_amo_due,amo_id,"amo_id,due_date"
qms_process_owners,ix_qms_process_owners_amo_id,ix_qms_process_owners_amo_due,amo_id,"amo_id,due_date"
qms_processes,ix_qms_processes_amo_id,ix_qms_processes_amo_due,amo_id,"amo_id,due_date"
qms_public_holidays,ix_qms_public_holidays_amo_date,uq_qms_public_holidays_amo_date_uid,"amo_id,holiday_date","amo_id,holiday_date,source_uid"
qms_quality_objectives,ix_qms_quality_objectives_amo_id,ix_qms_quality_objectives_amo_due,amo_id,"amo_id,due_date"
qms_quality_policy,ix_qms_quality_policy_amo_id,ix_qms_quality_policy_amo_due,amo_id,"amo_id,due_date"
qms_regulator_findings,ix_qms_regulator_findings_amo_id,ix_qms_regulator_findings_amo_due,amo_id,"amo_id,due_date"
qms_report_definitions,ix_qms_report_definitions_amo_id,ix_qms_report_definitions_amo_due,amo_id,"amo_id,due_date"
qms_report_exports,ix_qms_report_exports_amo_id,ix_qms_report_exports_amo_due,amo_id,"amo_id,due_date"
qms_retention_rules,ix_qms_retention_rules_amo_id,ix_qms_retention_rules_amo_due,amo_id,"amo_id,due_date"
qms_risk_actions,ix_qms_risk_actions_amo_id,ix_qms_risk_actions_amo_due,amo_id,"amo_id,due_date"
qms_risk_controls,ix_qms_risk_controls_amo_id,ix_qms_risk_controls_amo_due,amo_id,"amo_id,due_date"
qms_risks,ix_qms_risks_amo_id,ix_qms_risks_amo_due,amo_id,"amo_id,due_date"
qms_settings,ix_qms_settings_amo_id,ix_qms_settings_amo_due,amo_id,"amo_id,due_date"
qms_supplier_approvals,ix_qms_supplier_approvals_amo_id,ix_qms_supplier_approvals_amo_due,amo_id,"amo_id,due_date"
qms_supplier_audits,ix_qms_supplier_audits_amo_id,ix_qms_supplier_audits_amo_due,amo_id,"amo_id,due_date"
qms_supplier_documents,ix_qms_supplier_documents_amo_id,ix_qms_supplier_documents_amo_due,amo_id,"amo_id,due_date"
qms_supplier_evaluations,ix_qms_supplier_evaluations_amo_id,ix_qms_supplier_evaluations_amo_due,amo_id,"amo_id,due_date"
qms_supplier_findings,ix_qms_supplier_findings_amo_id,ix_qms_supplier_findings_amo_due,amo_id,"amo_id,due_date"
qms_supplier_performance_scores,ix_qms_supplier_performance_scores_amo_id,ix_qms_supplier_performance_scores_amo_due,amo_id,"amo_id,due_date"
qms_supplier_scopes,ix_qms_supplier_scopes_amo_id,ix_qms_supplier_scopes_amo_due,amo_id,"amo_id,due_date"
qms_suppliers,ix_qms_suppliers_amo_id,ix_qms_suppliers_amo_due,amo_id,"amo_id,due_date"
qms_task_assignments,ix_qms_task_assignments_amo_id,ix_qms_task_assignments_amo_due,amo_id,"amo_id,due_date"
qms_task_comments,ix_qms_task_comments_amo_id,ix_qms_task_comments_amo_due,amo_id,"amo_id,due_date"
qms_tasks,ix_qms_tasks_amo_id,ix_qms_tasks_amo_due,amo_id,"amo_id,due_date"
qms_templates,ix_qms_templates_amo_id,ix_qms_templates_amo_due,amo_id,"amo_id,due_date"
qms_training_courses,ix_qms_training_courses_amo_id,ix_qms_training_courses_amo_due,amo_id,"amo_id,due_date"
qms_training_evaluations,ix_qms_training_evaluations_amo_id,ix_qms_training_evaluations_amo_due,amo_id,"amo_id,due_date"
qms_training_records,ix_qms_training_records_amo_id,ix_qms_training_records_amo_due,amo_id,"amo_id,due_date"
qms_training_requirements,ix_qms_training_requirements_amo_id,ix_qms_training_requirements_amo_due,amo_id,"amo_id,due_date"
qms_workflow_rules,ix_qms_workflow_rules_amo_id,ix_qms_workflow_rules_amo_due,amo_id,"amo_id,due_date"
quality_archive_packages,ix_quality_archive_packages_amo_id,uq_quality_archive_package_ref,amo_id,"amo_id,audit_id,package_ref"
quality_archive_packages,ix_quality_archive_packages_audit_id,ix_quality_archive_audit_generated,audit_id,"audit_id,generated_at"
quality_audit_checklist_items,ix_quality_audit_checklist_items_audit_id,ix_quality_checklist_audit_order,audit_id,"audit_id,section,sort_order"
quality_audit_document_requests,ix_quality_audit_document_requests_audit_id,ix_quality_doc_requests_audit_status,audit_id,"audit_id,status"
quality_audit_report_trackers,ix_quality_audit_report_trackers_amo_id,ix_quality_report_tracker_status_due,amo_id,"amo_id,status,report_due_date"
quality_car_actions,ix_quality_car_actions_car_id,ix_quality_car_actions_car_type,car_id,"car_id,action_type"
quality_car_extension_requests,ix_quality_car_extension_requests_car_id,ix_quality_car_ext_car_status,car_id,"car_id,status"
quality_cars,ix_quality_cars_amo_id,ix_quality_cars_amo_due_id,amo_id,"amo_id,due_date,id) WHERE (due_date IS NOT NULL"
quality_cars,ix_quality_cars_amo_status,ix_quality_cars_amo_status_id,"amo_id,status","amo_id,status,id"
quality_cars,ix_quality_cars_program,ix_quality_cars_program_due,program,"program,due_date"
quality_reminder_milestones,ix_quality_reminder_milestones_amo_id,ix_quality_reminder_due_unsent,amo_id,"amo_id,scheduled_for,sent_at"
quality_tenant_workflow_settings,ix_quality_tenant_workflow_settings_amo_id,ix_quality_settings_amo_escalation,amo_id,"amo_id,auto_escalation_enabled"
reliability_alert_rules,ix_reliability_alert_rules_threshold_set_id,ix_reliability_alert_rules_threshold,threshold_set_id,"threshold_set_id,kpi_code"
reliability_alerts,ix_reliability_alerts_amo_id,ix_reliability_alerts_status,amo_id,"amo_id,status"
reliability_control_chart_configs,ix_reliability_control_chart_configs_amo_id,ix_reliability_control_chart_kpi,amo_id,"amo_id,kpi_code"
reliability_events,ix_reliability_events_aircraft_serial_number,ix_reliability_events_aircraft_date,aircraft_serial_number,"aircraft_serial_number,occurred_at"
reliability_notifications,ix_reliability_notifications_amo_id,ix_reliability_notifications_amo_user,amo_id,"amo_id,user_id"
reliability_notifications,ix_reliability_notifications_amo_user,uq_reliability_notifications_dedupe,"amo_id,user_id","amo_id,user_id,dedupe_key"
reliability_reports,ix_reliability_reports_amo_id,ix_reliability_reports_amo_window,amo_id,"amo_id,window_start,window_end"
reliability_threshold_sets,ix_reliability_threshold_sets_amo_id,ix_reliability_threshold_sets_scope,amo_id,"amo_id,scope_type,scope_value"
removal_events,ix_removal_events_component_id,ix_removal_events_component_date,component_id,"component_id,removed_at"
roster_assignments,ix_roster_assignments_amo_id,ix_roster_assignments_amo_user_time,amo_id,"amo_id,user_id,starts_at,ends_at"
roster_assignments,ix_roster_assignments_version_id,ix_roster_assignments_version_user,version_id,"version_id,user_id"
roster_periods,ix_roster_periods_amo_id,ix_roster_periods_amo_dates,amo_id,"amo_id,starts_on,ends_on"
roster_publication_acknowledgements,ix_roster_publication_acknowledgements_amo_id,ix_roster_ack_amo_user,amo_id,"amo_id,user_id"
roster_publication_acknowledgements,ix_roster_publication_acknowledgements_version_id,uq_roster_ack_version_user,version_id,"version_id,user_id"
roster_task_assignment_links,ix_roster_task_assignment_links_amo_id,ix_roster_task_links_amo_task,amo_id,"amo_id,task_assignment_id"
roster_task_assignment_links,ix_roster_task_assignment_links_roster_assignment_id,uq_roster_task_assignment_link,roster_assignment_id,"roster_assignment_id,task_assignment_id"
roster_validation_findings,ix_roster_validation_findings_amo_id,ix_roster_validation_amo_user,amo_id,"amo_id,user_id"
roster_validation_findings,ix_roster_validation_findings_version_id,ix_roster_validation_version_severity,version_id,"version_id,severity"
roster_versions,ix_roster_versions_amo_id,ix_roster_versions_amo_status,amo_id,"amo_id,status"
roster_versions,ix_roster_versions_period_id,ix_roster_versions_period_status,period_id,"period_id,status"
shift_templates,ix_shift_templates_amo_id,ix_shift_templates_amo_active,amo_id,"amo_id,is_active"
task_assignments,ix_task_assignments_task_id,ix_task_assignments_task_status,task_id,"task_id,status"
task_assignments,ix_task_assignments_user_id,ix_task_assignments_user_status,user_id,"user_id,status"
task_cards,ix_task_cards_aircraft_serial_number,ix_task_cards_aircraft_status,aircraft_serial_number,"aircraft_serial_number,status"
task_cards,ix_task_cards_status,ix_task_cards_status_priority,status,"status,priority"
task_cards,ix_task_cards_work_order_id,ix_task_cards_workorder_status,work_order_id,"work_order_id,status"
task_steps,ix_task_steps_task,uq_task_steps_task_stepno,task_id,"task_id,step_no"
tenant_licenses,ix_tenant_licenses_status,idx_tenant_licenses_status_term,status,"status,term"
training_audit_logs,ix_training_audit_logs_amo_id,idx_training_audit_action,amo_id,"amo_id,action"
training_courses,ix_training_courses_amo_id,idx_training_courses_amo_active,amo_id,"amo_id,is_active"
training_deferral_requests,ix_training_deferral_requests_amo_id,idx_training_deferrals_amo_course,amo_id,"amo_id,course_id"
training_deferral_requests,ix_training_deferral_requests_user_id,idx_training_deferrals_user_course_status,user_id,"user_id,course_id,status"
training_event_participants,idx_training_participants_event,uq_training_event_participants_event_user,event_id,"event_id,user_id"
training_event_participants,ix_training_event_participants_amo_id,idx_training_participants_amo_status,amo_id,"amo_id,status"
training_event_participants,ix_training_event_participants_event_id,uq_training_event_participants_event_user,event_id,"event_id,user_id"
training_events,idx_training_events_amo_date,ix_training_events_amo_dates_status,"amo_id,starts_on","amo_id,starts_on,ends_on,status"
training_events,ix_training_events_amo_id,idx_training_events_amo_course_date,amo_id,"amo_id,course_id,starts_on"
training_files,ix_training_files_amo_id,idx_training_files_amo_owner,amo_id,"amo_id,owner_user_id"
training_notifications,ix_training_notifications_amo_id,idx_training_notifications_amo_user_created,amo_id,"amo_id,user_id,created_at"
training_records,idx_training_records_amo_user,ix_training_records_amo_latest_calendar,"amo_id,user_id","amo_id,user_id,course_id,completion_date,valid_until,created_at"
training_records,ix_training_records_amo_id,idx_training_records_amo_course,amo_id,"amo_id,course_id"
training_records,ix_training_records_amo_user_course,ix_training_records_amo_latest_calendar,"amo_id,user_id,course_id","amo_id,user_id,course_id,completion_date,valid_until,created_at"
training_records,ix_training_records_amo_valid_until,ix_training_records_amo_valid_until_id,"amo_id,valid_until","amo_id,valid_until,id) WHERE (valid_until IS NOT NULL"
training_records,ix_training_records_user_id,idx_training_records_user_course,user_id,"user_id,course_id"
training_requirements,idx_training_requirements_amo_active,ix_training_requirements_amo_active_scope,"amo_id,is_active","amo_id,is_active,scope"
training_requirements,idx_training_requirements_course,uq_training_requirements_identity,"amo_id,course_id","amo_id,course_id,scope,department_code,job_role,user_id"
training_requirements,ix_training_requirements_amo_id,idx_training_requirements_amo_active,amo_id,"amo_id,is_active"
usage_meters,ix_usage_meters_amo_id,uq_usage_meter_key,amo_id,"amo_id,meter_key"
user_authorisations,ix_user_authorisations_user_id,idx_user_auth_validity,user_id,"user_id,effective_from,expires_at"
user_group_members,ix_user_group_members_group_id,uq_user_group_members_group_user,group_id,"group_id,user_id"
user_groups,ix_user_groups_amo_id,ix_user_groups_amo_active,amo_id,"amo_id,is_active"
users,ix_users_amo_id,ix_users_amo_id_display_fast,amo_id,"amo_id,id) INCLUDE (full_name,email,staff_code"
users,ix_users_is_superuser,ix_users_platform_superuser,is_superuser,"is_superuser,amo_id) WHERE (is_superuser IS TRUE"
users,ix_users_role,idx_users_role_active,role,"role,is_active"
vendors,ix_vendors_amo,uq_vendor_code,amo_id,"amo_id,code"
work_log_entries,ix_work_log_entries_task_id,ix_work_log_task_time,task_id,"task_id,start_time"
work_log_entries,ix_work_log_entries_user_id,ix_work_log_user_time,user_id,"user_id,start_time"
work_orders,ix_work_orders_aircraft_serial_number,ix_work_orders_aircraft_status,aircraft_serial_number,"aircraft_serial_number,status"
work_orders,ix_work_orders_amo_aircraft,ix_work_orders_amo_aircraft_created,"amo_id,aircraft_serial_number","amo_id,aircraft_serial_number,created_at"
work_orders,ix_work_orders_status,ix_work_orders_status_due,status,"status,due_date"
work_orders,ix_work_orders_wo_type,ix_work_orders_type_status,wo_type,"wo_type,status"
